year,season,fund name,model,mape,rmse
2014.0,winter,VCDAX_V_N,Autoregressive Model,0.1452505452142979,0.05898631222580593
2014.0,winter,VCSAX_V_N,Autoregressive Model,0.13683218590422988,0.061850208041075785
2014.0,winter,VENAX_V_N,Autoregressive Model,0.12804026898593657,0.028172019940361198
2014.0,winter,VFAIX_V_N,Autoregressive Model,0.16819894178645065,0.05513735514060691
2014.0,winter,VGSLX_V_N,Autoregressive Model,0.09494351758038044,0.031949888272034016
2014.0,winter,VGHCX_V_N,Autoregressive Model,0.21678627435893552,0.10725355695835466
2014.0,winter,VITAX_V_N,Autoregressive Model,0.14354550737696242,0.05905659860656466
2014.0,winter,VSPVX_V_N,Autoregressive Model,0.12904338124327927,0.04366495190600283
2014.0,winter,VTCAX_V_N,Autoregressive Model,0.2985922647590671,0.1122566722357946
2014.0,winter,VUIAX_V_N,Autoregressive Model,0.25056062006524416,0.05170205290359246
2014.0,winter,VINAX_V_N,Autoregressive Model,0.15077471020831001,0.0675014658580886
2014.0,winter,VUIAX_P_N,Autoregressive Model,0.24664505531387734,0.045069207462404545
2014.0,winter,VGHCX_P_N,Autoregressive Model,0.2134572179675332,0.09637137775335541
2014.0,winter,VFAIX_P_N,Autoregressive Model,0.13698006959291892,0.033555611865477876
2014.0,winter,VSPVX_P_N,Autoregressive Model,0.11404951762175607,0.030666640065177258
2014.0,winter,VITAX_P_N,Autoregressive Model,0.23216349530707264,0.01900357211416689
2014.0,winter,VGSLX_P_N,Autoregressive Model,0.08341513226684416,0.04953190525552801
2014.0,winter,VINAX_P_N,Autoregressive Model,0.16263855619795384,0.04539695182411782
2014.0,winter,VTCAX_P_N,Autoregressive Model,0.17445011779853561,0.05163620697827711
2014.0,winter,VCSAX_P_N,Autoregressive Model,0.08170262362875781,0.03868833804659303
2014.0,winter,VENAX_P_N,Autoregressive Model,0.24421866007140083,0.02923551959325082
2014.0,winter,VCDAX_P_N,Autoregressive Model,0.27060238519385316,0.03064439977137532
2014.0,spring,VCDAX_V_N,Autoregressive Model,0.09577461742910524,0.034912235329483454
2014.0,spring,VCSAX_V_N,Autoregressive Model,0.3345129331130304,0.048846266070858756
2014.0,spring,VENAX_V_N,Autoregressive Model,0.14937427914308413,0.04153580696937347
2014.0,spring,VFAIX_V_N,Autoregressive Model,0.13742583258897437,0.03965456946199828
2014.0,spring,VGSLX_V_N,Autoregressive Model,0.35088835350794706,0.05535237555351647
2014.0,spring,VGHCX_V_N,Autoregressive Model,0.5456988208690644,0.22648337310946787
2014.0,spring,VITAX_V_N,Autoregressive Model,0.11306974980196535,0.029340412711715145
2014.0,spring,VSPVX_V_N,Autoregressive Model,0.6146565832078491,0.03273284124941928
2014.0,spring,VTCAX_V_N,Autoregressive Model,0.1580541115277039,0.028312941505566565
2014.0,spring,VUIAX_V_N,Autoregressive Model,0.1966755982536472,0.0425615694920618
2014.0,spring,VINAX_V_N,Autoregressive Model,0.19018877688058386,0.049452270640276096
2014.0,spring,VUIAX_P_N,Autoregressive Model,0.27591043840154666,0.053318976943837845
2014.0,spring,VGHCX_P_N,Autoregressive Model,0.13193944374860897,0.029805327967752482
2014.0,spring,VFAIX_P_N,Autoregressive Model,0.16406575907915466,0.034500205289418606
2014.0,spring,VSPVX_P_N,Autoregressive Model,0.17416504434205696,0.024685757655140642
2014.0,spring,VITAX_P_N,Autoregressive Model,1.1513057609453725,0.038007037629864286
2014.0,spring,VGSLX_P_N,Autoregressive Model,0.13290332774516175,0.041758025015789124
2014.0,spring,VINAX_P_N,Autoregressive Model,0.15735090052091924,0.041442069476290144
2014.0,spring,VTCAX_P_N,Autoregressive Model,0.15261903673930716,0.034618934203760575
2014.0,spring,VCSAX_P_N,Autoregressive Model,0.3708518948144502,0.03972426903909625
2014.0,spring,VENAX_P_N,Autoregressive Model,0.23301707874870242,0.06064386603968527
2014.0,spring,VCDAX_P_N,Autoregressive Model,0.3353374904370882,0.04621235683101054
2014.0,summer,VCDAX_V_N,Autoregressive Model,0.1465663792381261,0.025675594292001374
2014.0,summer,VCSAX_V_N,Autoregressive Model,0.1145014925848323,0.029792638488035386
2014.0,summer,VENAX_V_N,Autoregressive Model,0.22944803021015076,0.06531534562324418
2014.0,summer,VFAIX_V_N,Autoregressive Model,0.19628897000589468,0.026764510004176265
2014.0,summer,VGSLX_V_N,Autoregressive Model,0.09872632920657708,0.041823797980362724
2014.0,summer,VGHCX_V_N,Autoregressive Model,0.22832722013769452,0.03600321727594141
2014.0,summer,VITAX_V_N,Autoregressive Model,0.2627730403636526,0.032496998655229814
2014.0,summer,VSPVX_V_N,Autoregressive Model,0.2265042583286009,0.033071751656279146
2014.0,summer,VTCAX_V_N,Autoregressive Model,0.2633516588046153,0.07333170853076612
2014.0,summer,VUIAX_V_N,Autoregressive Model,0.19850086126567107,0.04471225531506223
2014.0,summer,VINAX_V_N,Autoregressive Model,0.18166105774611668,0.02413838725401285
2014.0,summer,VUIAX_P_N,Autoregressive Model,0.5848993549957909,0.0822246970073393
2014.0,summer,VGHCX_P_N,Autoregressive Model,0.10342851471542978,0.054378649341764035
2014.0,summer,VFAIX_P_N,Autoregressive Model,0.35912577927154987,0.03282611107613688
2014.0,summer,VSPVX_P_N,Autoregressive Model,0.3667357478246926,0.04392662659873123
2014.0,summer,VITAX_P_N,Autoregressive Model,0.26546031487034377,0.020671909251363293
2014.0,summer,VGSLX_P_N,Autoregressive Model,0.18104120577129226,0.02796946498785037
2014.0,summer,VINAX_P_N,Autoregressive Model,0.332253242622248,0.03771985821644892
2014.0,summer,VTCAX_P_N,Autoregressive Model,0.2399906819948194,0.057623506755731135
2014.0,summer,VCSAX_P_N,Autoregressive Model,0.22269521524424588,0.047479787401641396
2014.0,summer,VENAX_P_N,Autoregressive Model,2.153329639090773,0.050294495291182316
2014.0,summer,VCDAX_P_N,Autoregressive Model,0.2736541248872421,0.024164748737530075
2014.0,fall,VCDAX_V_N,Autoregressive Model,0.10064615236645749,0.03296225135438884
2014.0,fall,VCSAX_V_N,Autoregressive Model,0.08465099119773796,0.0364081127418386
2014.0,fall,VENAX_V_N,Autoregressive Model,0.15147074549472278,0.10505125992666951
2014.0,fall,VFAIX_V_N,Autoregressive Model,0.05114783494238508,0.029648811280107892
2014.0,fall,VGSLX_V_N,Autoregressive Model,0.10686304985688917,0.03483526038232539
2014.0,fall,VGHCX_V_N,Autoregressive Model,0.33377218654378327,0.0814011987968225
2014.0,fall,VITAX_V_N,Autoregressive Model,0.057900911795951956,0.03780791440259652
2014.0,fall,VSPVX_V_N,Autoregressive Model,0.08213627988599087,0.040280244398014545
2014.0,fall,VTCAX_V_N,Autoregressive Model,0.17262025537165093,0.060133755088818616
2014.0,fall,VUIAX_V_N,Autoregressive Model,4.15065166072078,0.07851214062053105
2014.0,fall,VINAX_V_N,Autoregressive Model,0.05141811952538201,0.03805759265697555
2014.0,fall,VUIAX_P_N,Autoregressive Model,0.166829845386977,0.07539314408977453
2014.0,fall,VGHCX_P_N,Autoregressive Model,0.06985958489917755,0.10174093829947828
2014.0,fall,VFAIX_P_N,Autoregressive Model,0.06936676618357064,0.034776425507979214
2014.0,fall,VSPVX_P_N,Autoregressive Model,1.1959724043034852,0.04598098064994075
2014.0,fall,VITAX_P_N,Autoregressive Model,0.1297265561537813,0.022948629628844606
2014.0,fall,VGSLX_P_N,Autoregressive Model,0.137591656085655,0.06830009194300482
2014.0,fall,VINAX_P_N,Autoregressive Model,0.070237663806654,0.0359487986616713
2014.0,fall,VTCAX_P_N,Autoregressive Model,0.06511114275397956,0.031857202445923286
2014.0,fall,VCSAX_P_N,Autoregressive Model,0.08866506416668214,0.05472132002994692
2014.0,fall,VENAX_P_N,Autoregressive Model,0.1066294666912785,0.09989522686117133
2014.0,fall,VCDAX_P_N,Autoregressive Model,0.17230848732701445,0.021986206738292973
2015.0,winter,VCDAX_V_N,Autoregressive Model,0.05970478944923255,0.029837553243927013
2015.0,winter,VCSAX_V_N,Autoregressive Model,0.10287990716763172,0.05965177975404588
2015.0,winter,VENAX_V_N,Autoregressive Model,0.16407058765920854,0.056879790578437804
2015.0,winter,VFAIX_V_N,Autoregressive Model,0.0994378168716225,0.03288927937532485
2015.0,winter,VGSLX_V_N,Autoregressive Model,0.21728244269186686,0.09234404822817549
2015.0,winter,VGHCX_V_N,Autoregressive Model,0.7582900225188595,0.4810867402997495
2015.0,winter,VITAX_V_N,Autoregressive Model,0.4979779733632171,0.07442540399021483
2015.0,winter,VSPVX_V_N,Autoregressive Model,0.06247919918309446,0.03333385878507838
2015.0,winter,VTCAX_V_N,Autoregressive Model,0.17560192958838577,0.07716873865307532
2015.0,winter,VUIAX_V_N,Autoregressive Model,0.2872408328704077,0.07791894272484812
2015.0,winter,VINAX_V_N,Autoregressive Model,0.0895585097043011,0.03645674660501016
2015.0,winter,VUIAX_P_N,Autoregressive Model,0.10792837197776074,0.04962391985712683
2015.0,winter,VGHCX_P_N,Autoregressive Model,0.13549567484158512,0.103945804628889
2015.0,winter,VFAIX_P_N,Autoregressive Model,0.3642030202609214,0.07084240090781442
2015.0,winter,VSPVX_P_N,Autoregressive Model,0.30966686618082556,0.07987658791303572
2015.0,winter,VITAX_P_N,Autoregressive Model,0.2459484837887192,0.025645572538430632
2015.0,winter,VGSLX_P_N,Autoregressive Model,0.15689080803896077,0.08452025405502916
2015.0,winter,VINAX_P_N,Autoregressive Model,0.24461626047767954,0.05354889384105557
2015.0,winter,VTCAX_P_N,Autoregressive Model,0.1888786684802949,0.07038243259441927
2015.0,winter,VCSAX_P_N,Autoregressive Model,0.3821722516071539,0.10515423395909482
2015.0,winter,VENAX_P_N,Autoregressive Model,0.19926571327573356,0.09387448352430648
2015.0,winter,VCDAX_P_N,Autoregressive Model,0.21293695995055387,0.030969831934779347
2015.0,spring,VCDAX_V_N,Autoregressive Model,0.15786164587264098,0.043647036684126325
2015.0,spring,VCSAX_V_N,Autoregressive Model,0.19726503449232485,0.04827060290874999
2015.0,spring,VENAX_V_N,Autoregressive Model,0.11998002378563215,0.034908162696156375
2015.0,spring,VFAIX_V_N,Autoregressive Model,0.20288853361215284,0.04596895661097296
2015.0,spring,VGSLX_V_N,Autoregressive Model,0.16130933109384152,0.06581773996706565
2015.0,spring,VGHCX_V_N,Autoregressive Model,0.1726813601880911,0.0921208464433669
2015.0,spring,VITAX_V_N,Autoregressive Model,0.4470927161783483,0.08012106693680017
2015.0,spring,VSPVX_V_N,Autoregressive Model,0.19794907111683938,0.04241211627259071
2015.0,spring,VTCAX_V_N,Autoregressive Model,0.14866060619710342,0.05840930207628047
2015.0,spring,VUIAX_V_N,Autoregressive Model,0.17214740086453129,0.04583175975376798
2015.0,spring,VINAX_V_N,Autoregressive Model,0.3519264551793968,0.06574858013413916
2015.0,spring,VUIAX_P_N,Autoregressive Model,0.2110571279941564,0.03712412118029196
2015.0,spring,VGHCX_P_N,Autoregressive Model,0.17349156769414883,0.07622799458534006
2015.0,spring,VFAIX_P_N,Autoregressive Model,0.3298505225769743,0.03980328532680635
2015.0,spring,VSPVX_P_N,Autoregressive Model,2.469715990601332,0.028851892240355753
2015.0,spring,VITAX_P_N,Autoregressive Model,0.26331083557145946,0.0149053533492859
2015.0,spring,VGSLX_P_N,Autoregressive Model,0.9292193896252092,0.05413463103639656
2015.0,spring,VINAX_P_N,Autoregressive Model,0.15475492882177655,0.017386380375241324
2015.0,spring,VTCAX_P_N,Autoregressive Model,0.5849394296290318,0.04566735398416009
2015.0,spring,VCSAX_P_N,Autoregressive Model,0.22893577174143973,0.029765782894082903
2015.0,spring,VENAX_P_N,Autoregressive Model,0.1077221687759788,0.03043015053725604
2015.0,spring,VCDAX_P_N,Autoregressive Model,0.4719589962884737,0.025220414448634383
2015.0,summer,VCDAX_V_N,Autoregressive Model,0.28343753177092573,0.06313391374281885
2015.0,summer,VCSAX_V_N,Autoregressive Model,0.17907699123405524,0.06640320913298174
2015.0,summer,VENAX_V_N,Autoregressive Model,0.45015760664466015,0.08180184535238287
2015.0,summer,VFAIX_V_N,Autoregressive Model,0.05480591258102401,0.04430045363059416
2015.0,summer,VGSLX_V_N,Autoregressive Model,0.061359312752483616,0.06554013131449304
2015.0,summer,VGHCX_V_N,Autoregressive Model,0.11502869312701546,0.07505137444177604
2015.0,summer,VITAX_V_N,Autoregressive Model,0.12942308470283376,0.0659884471980587
2015.0,summer,VSPVX_V_N,Autoregressive Model,0.29404798429166096,0.05215196441733384
2015.0,summer,VTCAX_V_N,Autoregressive Model,0.1173221998288307,0.0677243574981655
2015.0,summer,VUIAX_V_N,Autoregressive Model,0.11945406672914802,0.07411524594246369
2015.0,summer,VINAX_V_N,Autoregressive Model,0.11006987058515454,0.05664336720353519
2015.0,summer,VUIAX_P_N,Autoregressive Model,0.12255439328867182,0.06672343214625452
2015.0,summer,VGHCX_P_N,Autoregressive Model,0.10091433919591894,0.08190228784731787
2015.0,summer,VFAIX_P_N,Autoregressive Model,0.05223253747129176,0.03980682386446283
2015.0,summer,VSPVX_P_N,Autoregressive Model,0.0670948350364635,0.06126756279585016
2015.0,summer,VITAX_P_N,Autoregressive Model,0.06378728416192705,0.030181427199792808
2015.0,summer,VGSLX_P_N,Autoregressive Model,0.10352019244174067,0.0682528421533529
2015.0,summer,VINAX_P_N,Autoregressive Model,0.08790515472469551,0.04620250620969501
2015.0,summer,VTCAX_P_N,Autoregressive Model,0.2376741079515895,0.056548476132803914
2015.0,summer,VCSAX_P_N,Autoregressive Model,0.06860278221898956,0.06257963292484144
2015.0,summer,VENAX_P_N,Autoregressive Model,0.13345614174722675,0.08814925166318796
2015.0,summer,VCDAX_P_N,Autoregressive Model,0.0707924563191959,0.03593319773169127
2015.0,fall,VCDAX_V_N,Autoregressive Model,0.20487429132047438,0.08284314044983977
2015.0,fall,VCSAX_V_N,Autoregressive Model,0.2714038218435354,0.10731141891196605
2015.0,fall,VENAX_V_N,Autoregressive Model,0.2298932553188553,0.09487820368579855
2015.0,fall,VFAIX_V_N,Autoregressive Model,0.15149242896821605,0.053594315605375004
2015.0,fall,VGSLX_V_N,Autoregressive Model,0.37310313738386286,0.0763919184049119
2015.0,fall,VGHCX_V_N,Autoregressive Model,0.14958965119571535,0.11105708076684193
2015.0,fall,VITAX_V_N,Autoregressive Model,0.18193382801159239,0.0681016222798432
2015.0,fall,VSPVX_V_N,Autoregressive Model,0.15602193060009262,0.061007975173100935
2015.0,fall,VTCAX_V_N,Autoregressive Model,0.14406641317202848,0.07265066495683448
2015.0,fall,VUIAX_V_N,Autoregressive Model,0.20019704959044501,0.08734988801324492
2015.0,fall,VINAX_V_N,Autoregressive Model,0.19833647922287775,0.0801004294514725
2015.0,fall,VUIAX_P_N,Autoregressive Model,0.1057000745228482,0.05057823660941434
2015.0,fall,VGHCX_P_N,Autoregressive Model,0.14185131790723152,0.12880159058127527
2015.0,fall,VFAIX_P_N,Autoregressive Model,0.5820091002869031,0.06079410910557381
2015.0,fall,VSPVX_P_N,Autoregressive Model,0.7943416811224755,0.08817954147479952
2015.0,fall,VITAX_P_N,Autoregressive Model,0.0930937888596028,0.022405708749198745
2015.0,fall,VGSLX_P_N,Autoregressive Model,0.3751869208392272,0.09002501344450543
2015.0,fall,VINAX_P_N,Autoregressive Model,0.2076928515403629,0.0642116125736791
2015.0,fall,VTCAX_P_N,Autoregressive Model,0.38815259920376605,0.10192224828505118
2015.0,fall,VCSAX_P_N,Autoregressive Model,0.5001116590415968,0.11765336220426345
2015.0,fall,VENAX_P_N,Autoregressive Model,0.06526993035381898,0.05317442802848022
2015.0,fall,VCDAX_P_N,Autoregressive Model,0.11890631524690486,0.031670176319205656
2016.0,winter,VCDAX_V_N,Autoregressive Model,0.0671402357041758,0.046909931843333356
2016.0,winter,VCSAX_V_N,Autoregressive Model,0.12492448716542602,0.032572103062573285
2016.0,winter,VENAX_V_N,Autoregressive Model,0.12834180873747073,0.0975559618244532
2016.0,winter,VFAIX_V_N,Autoregressive Model,0.21898959804773035,0.06963029916581773
2016.0,winter,VGSLX_V_N,Autoregressive Model,0.24151182105088176,0.11177187043783371
2016.0,winter,VGHCX_V_N,Autoregressive Model,0.3839718632579501,0.15427527725517454
2016.0,winter,VITAX_V_N,Autoregressive Model,0.06969322658879772,0.049662325158996615
2016.0,winter,VSPVX_V_N,Autoregressive Model,0.05970891240613402,0.03621672926884076
2016.0,winter,VTCAX_V_N,Autoregressive Model,0.1178434769925859,0.04893249806632178
2016.0,winter,VUIAX_V_N,Autoregressive Model,0.14688074383457098,0.08067782046048816
2016.0,winter,VINAX_V_N,Autoregressive Model,1.2342200073961656,0.038767860850342985
2016.0,winter,VUIAX_P_N,Autoregressive Model,0.23228006402158027,0.06372348340162952
2016.0,winter,VGHCX_P_N,Autoregressive Model,0.8422558088882844,0.16427582215478345
2016.0,winter,VFAIX_P_N,Autoregressive Model,0.14165655629374055,0.0755005004781089
2016.0,winter,VSPVX_P_N,Autoregressive Model,0.08144686294333643,0.04746565513270253
2016.0,winter,VITAX_P_N,Autoregressive Model,0.22188070333757523,0.05072357343381847
2016.0,winter,VGSLX_P_N,Autoregressive Model,0.11537568197389164,0.047503155996746954
2016.0,winter,VINAX_P_N,Autoregressive Model,0.045087565284978634,0.024035936101216154
2016.0,winter,VTCAX_P_N,Autoregressive Model,0.18412419320104814,0.05068982341965809
2016.0,winter,VCSAX_P_N,Autoregressive Model,0.18567590991927768,0.039872707208109544
2016.0,winter,VENAX_P_N,Autoregressive Model,0.11962694244073523,0.06836159481310629
2016.0,winter,VCDAX_P_N,Autoregressive Model,0.08946046575806577,0.03782047379541024
2016.0,spring,VCDAX_V_N,Autoregressive Model,0.3302844407949997,0.05243236361508521
2016.0,spring,VCSAX_V_N,Autoregressive Model,0.16222124020805287,0.045425652903194606
2016.0,spring,VENAX_V_N,Autoregressive Model,0.3386299047701816,0.060011436212674255
2016.0,spring,VFAIX_V_N,Autoregressive Model,0.40762105034890483,0.06027131121378609
2016.0,spring,VGSLX_V_N,Autoregressive Model,0.07955081244623029,0.0403054842743393
2016.0,spring,VGHCX_V_N,Autoregressive Model,0.5305206868024356,0.057642080413675315
2016.0,spring,VITAX_V_N,Autoregressive Model,0.8034941028047021,0.04553983019420721
2016.0,spring,VSPVX_V_N,Autoregressive Model,0.6758425673108884,0.05409183080494517
2016.0,spring,VTCAX_V_N,Autoregressive Model,0.22118875894291204,0.07010983514633914
2016.0,spring,VUIAX_V_N,Autoregressive Model,0.29112474868640015,0.095382374602972
2016.0,spring,VINAX_V_N,Autoregressive Model,0.3114336972415491,0.06260665617379539
2016.0,spring,VUIAX_P_N,Autoregressive Model,0.29281182584058907,0.028071955938231884
2016.0,spring,VGHCX_P_N,Autoregressive Model,0.2471140974843711,0.12231899589402195
2016.0,spring,VFAIX_P_N,Autoregressive Model,0.2515818411692372,0.07705936353037103
2016.0,spring,VSPVX_P_N,Autoregressive Model,0.35645393717958845,0.10277987940860348
2016.0,spring,VITAX_P_N,Autoregressive Model,0.3772905321681104,0.03762810137698938
2016.0,spring,VGSLX_P_N,Autoregressive Model,0.30001142228347666,0.040576455553684464
2016.0,spring,VINAX_P_N,Autoregressive Model,0.3270318134034966,0.08826845472151802
2016.0,spring,VTCAX_P_N,Autoregressive Model,0.5314978415122044,0.04170049765480208
2016.0,spring,VCSAX_P_N,Autoregressive Model,0.2717724000262544,0.0864112124798423
2016.0,spring,VENAX_P_N,Autoregressive Model,0.4287545093893417,0.1112824997597823
2016.0,spring,VCDAX_P_N,Autoregressive Model,2.8090017441169377,0.04235210632292415
2016.0,summer,VCDAX_V_N,Autoregressive Model,1.0636032360424912,0.12597812707967104
2016.0,summer,VCSAX_V_N,Autoregressive Model,0.12575242882118431,0.08031637470370062
2016.0,summer,VENAX_V_N,Autoregressive Model,0.16651520773377054,0.0974653959139287
2016.0,summer,VFAIX_V_N,Autoregressive Model,1.2944995122736211,0.13706832591277787
2016.0,summer,VGSLX_V_N,Autoregressive Model,0.11854028504635851,0.06818260229520187
2016.0,summer,VGHCX_V_N,Autoregressive Model,0.25037872121780824,0.14226748361618474
2016.0,summer,VITAX_V_N,Autoregressive Model,0.22256260864814617,0.12588949298458815
2016.0,summer,VSPVX_V_N,Autoregressive Model,0.620254129219034,0.11523093190132457
2016.0,summer,VTCAX_V_N,Autoregressive Model,0.08957237053676363,0.07499914487512045
2016.0,summer,VUIAX_V_N,Autoregressive Model,0.12632600146989942,0.07938950555005177
2016.0,summer,VINAX_V_N,Autoregressive Model,0.22346533206907254,0.14331669467826014
2016.0,summer,VUIAX_P_N,Autoregressive Model,0.31169527074268566,0.0831877708475176
2016.0,summer,VGHCX_P_N,Autoregressive Model,0.11550163524833913,0.064294703622935
2016.0,summer,VFAIX_P_N,Autoregressive Model,0.31861433063944833,0.04757829439051687
2016.0,summer,VSPVX_P_N,Autoregressive Model,0.18645602900136854,0.0566676301478991
2016.0,summer,VITAX_P_N,Autoregressive Model,0.3499756698072902,0.035576997780863207
2016.0,summer,VGSLX_P_N,Autoregressive Model,0.40587390390476763,0.05548263857758232
2016.0,summer,VINAX_P_N,Autoregressive Model,0.16332917283814988,0.04864834759438412
2016.0,summer,VTCAX_P_N,Autoregressive Model,0.05575540251603053,0.04809006854697979
2016.0,summer,VCSAX_P_N,Autoregressive Model,0.23470191146015396,0.04773806598076561
2016.0,summer,VENAX_P_N,Autoregressive Model,0.3030947317023526,0.09768520442416771
2016.0,summer,VCDAX_P_N,Autoregressive Model,0.07082374380935214,0.01682346756820326
2016.0,fall,VCDAX_V_N,Autoregressive Model,0.39951547059519105,0.07881124631805891
2016.0,fall,VCSAX_V_N,Autoregressive Model,0.11440513379494843,0.05970570999249699
2016.0,fall,VENAX_V_N,Autoregressive Model,0.27300974176204523,0.11717246278512984
2016.0,fall,VFAIX_V_N,Autoregressive Model,0.1367972829667545,0.05557021683783047
2016.0,fall,VGSLX_V_N,Autoregressive Model,0.21144156555649016,0.07673965996438607
2016.0,fall,VGHCX_V_N,Autoregressive Model,0.2169404049473207,0.1368440023891229
2016.0,fall,VITAX_V_N,Autoregressive Model,0.22632566411060534,0.07199462982402526
2016.0,fall,VSPVX_V_N,Autoregressive Model,0.49711959869955896,0.058438913971404
2016.0,fall,VTCAX_V_N,Autoregressive Model,0.1407855571009091,0.08158037209536365
2016.0,fall,VUIAX_V_N,Autoregressive Model,0.31204953840372773,0.09546705969526557
2016.0,fall,VINAX_V_N,Autoregressive Model,0.15595390166435083,0.05359056132827865
2016.0,fall,VUIAX_P_N,Autoregressive Model,0.24117072455775174,0.10044099628790613
2016.0,fall,VGHCX_P_N,Autoregressive Model,0.5417997420203399,0.09299411394870308
2016.0,fall,VFAIX_P_N,Autoregressive Model,0.09723307995673611,0.05699683797928108
2016.0,fall,VSPVX_P_N,Autoregressive Model,0.1990226305933817,0.024694904733446064
2016.0,fall,VITAX_P_N,Autoregressive Model,3.3915181492717394,0.027167224591944303
2016.0,fall,VGSLX_P_N,Autoregressive Model,0.18559857118400055,0.10933917225675552
2016.0,fall,VINAX_P_N,Autoregressive Model,0.027383990731549394,0.022457484561409547
2016.0,fall,VTCAX_P_N,Autoregressive Model,0.06321239497559412,0.025244623570828153
2016.0,fall,VCSAX_P_N,Autoregressive Model,0.23594436364341972,0.07836228721209997
2016.0,fall,VENAX_P_N,Autoregressive Model,0.06562875963637622,0.038251540584553184
2016.0,fall,VCDAX_P_N,Autoregressive Model,0.09325891314826598,0.0192413502069308
2017.0,winter,VCDAX_V_N,Autoregressive Model,0.17545229923951075,0.04941268107741738
2017.0,winter,VCSAX_V_N,Autoregressive Model,0.17504259217831966,0.03620531300627112
2017.0,winter,VENAX_V_N,Autoregressive Model,0.25458441990278735,0.06315068000562642
2017.0,winter,VFAIX_V_N,Autoregressive Model,0.21016464663067255,0.08274756065111005
2017.0,winter,VGSLX_V_N,Autoregressive Model,0.4106420144842758,0.12870420776795244
2017.0,winter,VGHCX_V_N,Autoregressive Model,0.3810310706431952,0.14396436888877273
2017.0,winter,VITAX_V_N,Autoregressive Model,0.10521356975229795,0.03252434815762767
2017.0,winter,VSPVX_V_N,Autoregressive Model,0.18175300140979167,0.04114897840396605
2017.0,winter,VTCAX_V_N,Autoregressive Model,0.2604822019786907,0.07648530239857318
2017.0,winter,VUIAX_V_N,Autoregressive Model,0.25068643069830904,0.0639217396479744
2017.0,winter,VINAX_V_N,Autoregressive Model,0.22535374259961669,0.04474711696008812
2017.0,winter,VUIAX_P_N,Autoregressive Model,0.0758929361732708,0.04142126333006723
2017.0,winter,VGHCX_P_N,Autoregressive Model,0.06942050283332604,0.05224091686934472
2017.0,winter,VFAIX_P_N,Autoregressive Model,0.08910172385646578,0.04004140651266655
2017.0,winter,VSPVX_P_N,Autoregressive Model,0.07221924523719535,0.02569920877224826
2017.0,winter,VITAX_P_N,Autoregressive Model,0.14639947260797126,0.017924542833791267
2017.0,winter,VGSLX_P_N,Autoregressive Model,0.1465940690181443,0.04545762793620445
2017.0,winter,VINAX_P_N,Autoregressive Model,0.1753666018751172,0.03708858873551386
2017.0,winter,VTCAX_P_N,Autoregressive Model,0.2359081229595594,0.056572351630622866
2017.0,winter,VCSAX_P_N,Autoregressive Model,0.06224303360975299,0.03140342573423586
2017.0,winter,VENAX_P_N,Autoregressive Model,0.24208686473591703,0.049982823152495456
2017.0,winter,VCDAX_P_N,Autoregressive Model,0.34417632597365844,0.026698125035776094
2017.0,spring,VCDAX_V_N,Autoregressive Model,0.34547628965524024,0.05510303026355553
2017.0,spring,VCSAX_V_N,Autoregressive Model,0.2668399750307418,0.017866483752678783
2017.0,spring,VENAX_V_N,Autoregressive Model,0.15147185955814652,0.04917880567882774
2017.0,spring,VFAIX_V_N,Autoregressive Model,0.2109687711944905,0.08109278776439721
2017.0,spring,VGSLX_V_N,Autoregressive Model,0.22295195822529912,0.027098132905247395
2017.0,spring,VGHCX_V_N,Autoregressive Model,0.2937979643224837,0.08384356452715278
2017.0,spring,VITAX_V_N,Autoregressive Model,0.29270158939266644,0.08724316854082477
2017.0,spring,VSPVX_V_N,Autoregressive Model,0.22063362025314723,0.05153068875897383
2017.0,spring,VTCAX_V_N,Autoregressive Model,0.12177873535999507,0.04146770796159198
2017.0,spring,VUIAX_V_N,Autoregressive Model,0.4851350781519431,0.027478374786049392
2017.0,spring,VINAX_V_N,Autoregressive Model,0.22135101883923114,0.06299510565585899
2017.0,spring,VUIAX_P_N,Autoregressive Model,0.05352728056281765,0.02523546727526569
2017.0,spring,VGHCX_P_N,Autoregressive Model,0.871575988170927,0.034485958273931895
2017.0,spring,VFAIX_P_N,Autoregressive Model,0.26178466054771377,0.042626028504825185
2017.0,spring,VSPVX_P_N,Autoregressive Model,0.38422342722723324,0.047045921904912254
2017.0,spring,VITAX_P_N,Autoregressive Model,0.263630243957304,0.02154909100257661
2017.0,spring,VGSLX_P_N,Autoregressive Model,0.08353871568743289,0.02949770750896756
2017.0,spring,VINAX_P_N,Autoregressive Model,0.17729223094209143,0.040172467789221504
2017.0,spring,VTCAX_P_N,Autoregressive Model,0.26103590398603416,0.033288741395246166
2017.0,spring,VCSAX_P_N,Autoregressive Model,0.2115113372590985,0.03162526815073503
2017.0,spring,VENAX_P_N,Autoregressive Model,0.14307570840708944,0.04222253754899205
2017.0,spring,VCDAX_P_N,Autoregressive Model,0.15024312082021135,0.023767856240715472
2017.0,summer,VCDAX_V_N,Autoregressive Model,0.5371478021277561,0.027404775138749286
2017.0,summer,VCSAX_V_N,Autoregressive Model,0.42808270083510025,0.07349479834354143
2017.0,summer,VENAX_V_N,Autoregressive Model,0.45105241016055525,0.03954731503596953
2017.0,summer,VFAIX_V_N,Autoregressive Model,0.23680560273765036,0.04878563980762106
2017.0,summer,VGSLX_V_N,Autoregressive Model,0.09860645174511032,0.03511986702014701
2017.0,summer,VGHCX_V_N,Autoregressive Model,0.9870020032677654,0.08183054561671282
2017.0,summer,VITAX_V_N,Autoregressive Model,0.1490923953977417,0.05776565776069815
2017.0,summer,VSPVX_V_N,Autoregressive Model,0.212549369120517,0.04095340403664959
2017.0,summer,VTCAX_V_N,Autoregressive Model,0.21380303153678162,0.08616913259368383
2017.0,summer,VUIAX_V_N,Autoregressive Model,0.1054030095818992,0.03583786466104482
2017.0,summer,VINAX_V_N,Autoregressive Model,0.20227899717439932,0.036167902718380024
2017.0,summer,VUIAX_P_N,Autoregressive Model,0.06152888245910609,0.034088655847665336
2017.0,summer,VGHCX_P_N,Autoregressive Model,0.08733508077712772,0.039078009559311205
2017.0,summer,VFAIX_P_N,Autoregressive Model,0.09276210270712001,0.035105937162940325
2017.0,summer,VSPVX_P_N,Autoregressive Model,0.12041741205856256,0.029179237491351644
2017.0,summer,VITAX_P_N,Autoregressive Model,0.24998125740062352,0.03620579968117464
2017.0,summer,VGSLX_P_N,Autoregressive Model,0.26773915094240863,0.05882167816150112
2017.0,summer,VINAX_P_N,Autoregressive Model,0.10722687011806734,0.0167149396859316
2017.0,summer,VTCAX_P_N,Autoregressive Model,0.13237139639962922,0.05591492144908151
2017.0,summer,VCSAX_P_N,Autoregressive Model,0.19774536327747877,0.03181517133665993
2017.0,summer,VENAX_P_N,Autoregressive Model,0.10703669101786037,0.013297547407008621
2017.0,summer,VCDAX_P_N,Autoregressive Model,0.3050021261353689,0.018176146038564107
2017.0,fall,VCDAX_V_N,Autoregressive Model,0.20668374390992844,0.035728313111239245
2017.0,fall,VCSAX_V_N,Autoregressive Model,0.24067990324617378,0.02737426724192203
2017.0,fall,VENAX_V_N,Autoregressive Model,0.13872847234211555,0.039478179202992666
2017.0,fall,VFAIX_V_N,Autoregressive Model,0.16574828346154902,0.05224203013870875
2017.0,fall,VGSLX_V_N,Autoregressive Model,0.17678869442789075,0.019761510441259476
2017.0,fall,VGHCX_V_N,Autoregressive Model,0.3523048227566105,0.05690923298436538
2017.0,fall,VITAX_V_N,Autoregressive Model,0.15298586755311913,0.05450347681199306
2017.0,fall,VSPVX_V_N,Autoregressive Model,0.13248482365966607,0.024228636827234806
2017.0,fall,VTCAX_V_N,Autoregressive Model,0.13995650105885,0.07029959174413072
2017.0,fall,VUIAX_V_N,Autoregressive Model,0.12453705013925637,0.030253422897785046
2017.0,fall,VINAX_V_N,Autoregressive Model,0.10796489938875038,0.029648711142959798
2017.0,fall,VUIAX_P_N,Autoregressive Model,0.10810043121407265,0.020044639195923107
2017.0,fall,VGHCX_P_N,Autoregressive Model,0.6574565200270217,0.06854319206497117
2017.0,fall,VFAIX_P_N,Autoregressive Model,0.12202047654760748,0.028887660115933557
2017.0,fall,VSPVX_P_N,Autoregressive Model,0.08638795510788291,0.017650781843941338
2017.0,fall,VITAX_P_N,Autoregressive Model,0.13970788104081627,0.030518123679612114
2017.0,fall,VGSLX_P_N,Autoregressive Model,0.2056245815473419,0.0531970216527356
2017.0,fall,VINAX_P_N,Autoregressive Model,2.269652327398449,0.015615446765474975
2017.0,fall,VTCAX_P_N,Autoregressive Model,0.09571634011951943,0.0443143748207563
2017.0,fall,VCSAX_P_N,Autoregressive Model,0.149248105999134,0.029090797427931168
2017.0,fall,VENAX_P_N,Autoregressive Model,0.20328766200401907,0.02090438530158569
2017.0,fall,VCDAX_P_N,Autoregressive Model,0.13111844552997506,0.013519723152150899
2018.0,winter,VCDAX_V_N,Autoregressive Model,0.2229744956848513,0.1027203030158123
2018.0,winter,VCSAX_V_N,Autoregressive Model,0.1371808510424659,0.08684708731818197
2018.0,winter,VENAX_V_N,Autoregressive Model,0.23394204111894545,0.06211546636822578
2018.0,winter,VFAIX_V_N,Autoregressive Model,0.5965966902700769,0.07719136872868383
2018.0,winter,VGSLX_V_N,Autoregressive Model,0.11190174357682615,0.06953014577247084
2018.0,winter,VGHCX_V_N,Autoregressive Model,0.2728598452759473,0.1889126728258897
2018.0,winter,VITAX_V_N,Autoregressive Model,0.6034782441116161,0.07760726329528163
2018.0,winter,VSPVX_V_N,Autoregressive Model,0.1703995498821072,0.0821049885966515
2018.0,winter,VTCAX_V_N,Autoregressive Model,0.118219861215313,0.07961842576825678
2018.0,winter,VUIAX_V_N,Autoregressive Model,0.11914406668958102,0.054612300137129324
2018.0,winter,VINAX_V_N,Autoregressive Model,0.9942415843228426,0.10569471940212141
2018.0,winter,VUIAX_P_N,Autoregressive Model,0.24987033456468224,0.1049340637364234
2018.0,winter,VGHCX_P_N,Autoregressive Model,0.12134246074849823,0.07465285541593708
2018.0,winter,VFAIX_P_N,Autoregressive Model,0.19932960882742734,0.09974818129389083
2018.0,winter,VSPVX_P_N,Autoregressive Model,0.22987133984844604,0.0604338256423311
2018.0,winter,VITAX_P_N,Autoregressive Model,0.22259996176382424,0.08660445963614007
2018.0,winter,VGSLX_P_N,Autoregressive Model,0.0849798905164266,0.0952275458368121
2018.0,winter,VINAX_P_N,Autoregressive Model,0.11849257583378187,0.06877829580235739
2018.0,winter,VTCAX_P_N,Autoregressive Model,0.1704202681525887,0.06398765086759786
2018.0,winter,VCSAX_P_N,Autoregressive Model,0.06636207610874757,0.06469614738650949
2018.0,winter,VENAX_P_N,Autoregressive Model,0.032117087577232,0.048425611451952094
2018.0,winter,VCDAX_P_N,Autoregressive Model,0.1549207816269454,0.05537834429187741
2018.0,spring,VCDAX_V_N,Autoregressive Model,0.1506637155060055,0.06479539972792411
2018.0,spring,VCSAX_V_N,Autoregressive Model,0.17531833356093357,0.0853467013866271
2018.0,spring,VENAX_V_N,Autoregressive Model,0.11427068658921842,0.06664981385672042
2018.0,spring,VFAIX_V_N,Autoregressive Model,0.1268439830147942,0.09422562868608254
2018.0,spring,VGSLX_V_N,Autoregressive Model,0.3966905065729664,0.0757992901651054
2018.0,spring,VGHCX_V_N,Autoregressive Model,0.07953994578689726,0.05376966789673743
2018.0,spring,VITAX_V_N,Autoregressive Model,0.4809860988055433,0.08464225714775972
2018.0,spring,VSPVX_V_N,Autoregressive Model,0.10795925134559217,0.07284569906985312
2018.0,spring,VTCAX_V_N,Autoregressive Model,0.11469283661261481,0.06335403350304612
2018.0,spring,VUIAX_V_N,Autoregressive Model,0.22708766372614378,0.07535151213619594
2018.0,spring,VINAX_V_N,Autoregressive Model,0.1796712026116028,0.08992155502880873
2018.0,spring,VUIAX_P_N,Autoregressive Model,0.34778928337105214,0.051480010481906875
2018.0,spring,VGHCX_P_N,Autoregressive Model,0.1363525989195568,0.06319668458377038
2018.0,spring,VFAIX_P_N,Autoregressive Model,0.21559793904736735,0.056431561602453356
2018.0,spring,VSPVX_P_N,Autoregressive Model,0.31069863443750917,0.08634682856069087
2018.0,spring,VITAX_P_N,Autoregressive Model,0.16974346546132688,0.04473723343840861
2018.0,spring,VGSLX_P_N,Autoregressive Model,0.43030138654800953,0.037711234933441654
2018.0,spring,VINAX_P_N,Autoregressive Model,0.18663213044539978,0.0515282378294109
2018.0,spring,VTCAX_P_N,Autoregressive Model,0.20226011526756943,0.06576094525581073
2018.0,spring,VCSAX_P_N,Autoregressive Model,0.06234528337908154,0.04639702285635313
2018.0,spring,VENAX_P_N,Autoregressive Model,0.17323090126893353,0.09715689203074239
2018.0,spring,VCDAX_P_N,Autoregressive Model,0.2646659645069233,0.047001343424873034
2018.0,summer,VCDAX_V_N,Autoregressive Model,1.2120561045366038,0.06651179874250637
2018.0,summer,VCSAX_V_N,Autoregressive Model,0.22145216493359443,0.050092492791323114
2018.0,summer,VENAX_V_N,Autoregressive Model,0.19251680761664755,0.0954302518819949
2018.0,summer,VFAIX_V_N,Autoregressive Model,0.0850445803260432,0.032612172546074826
2018.0,summer,VGSLX_V_N,Autoregressive Model,0.3110778094726304,0.029732399400520436
2018.0,summer,VGHCX_V_N,Autoregressive Model,0.3223731886031253,0.03496075087387914
2018.0,summer,VITAX_V_N,Autoregressive Model,0.22405653051903196,0.05669674400941409
2018.0,summer,VSPVX_V_N,Autoregressive Model,0.09655265107361775,0.021878911752480225
2018.0,summer,VTCAX_V_N,Autoregressive Model,0.29884039738820944,0.07250591645648141
2018.0,summer,VUIAX_V_N,Autoregressive Model,0.4620008866315869,0.07487712442148918
2018.0,summer,VINAX_V_N,Autoregressive Model,0.16134951869600553,0.037961947393913724
2018.0,summer,VUIAX_P_N,Autoregressive Model,0.1861862909363036,0.07438555424281337
2018.0,summer,VGHCX_P_N,Autoregressive Model,0.18568092074176934,0.08994945362493814
2018.0,summer,VFAIX_P_N,Autoregressive Model,0.13937116831859384,0.04983950693232463
2018.0,summer,VSPVX_P_N,Autoregressive Model,0.21453544096080535,0.04622602517456311
2018.0,summer,VITAX_P_N,Autoregressive Model,0.271353008039806,0.04261976885546941
2018.0,summer,VGSLX_P_N,Autoregressive Model,0.14848529074769223,0.04835607898320706
2018.0,summer,VINAX_P_N,Autoregressive Model,0.19696049559078174,0.054202204868210355
2018.0,summer,VTCAX_P_N,Autoregressive Model,0.19516902353319318,0.0532630624747173
2018.0,summer,VCSAX_P_N,Autoregressive Model,0.27907280980874294,0.08184054720506308
2018.0,summer,VENAX_P_N,Autoregressive Model,0.20763907746544435,0.04762264973584399
2018.0,summer,VCDAX_P_N,Autoregressive Model,0.1976970957809188,0.03743822058820253
2018.0,fall,VCDAX_V_N,Autoregressive Model,0.24478038209832925,0.16929675574396266
2018.0,fall,VCSAX_V_N,Autoregressive Model,0.19852532005214624,0.06559529735363721
2018.0,fall,VENAX_V_N,Autoregressive Model,1.0679553206518162,0.11867161439062426
2018.0,fall,VFAIX_V_N,Autoregressive Model,0.21962980422299486,0.13294543798045544
2018.0,fall,VGSLX_V_N,Autoregressive Model,0.10214165410858186,0.043926710396799226
2018.0,fall,VGHCX_V_N,Autoregressive Model,0.5224448135499999,0.09991935704871138
2018.0,fall,VITAX_V_N,Autoregressive Model,0.711473259183786,0.19162678702152394
2018.0,fall,VSPVX_V_N,Autoregressive Model,0.3851605808579976,0.1006229277538
2018.0,fall,VTCAX_V_N,Autoregressive Model,0.6093676875512778,0.16852727013894095
2018.0,fall,VUIAX_V_N,Autoregressive Model,0.16343991659835966,0.04231101259281247
2018.0,fall,VINAX_V_N,Autoregressive Model,0.25952770600207214,0.14576178882946647
2018.0,fall,VUIAX_P_N,Autoregressive Model,0.17757673781937877,0.10907830965775228
2018.0,fall,VGHCX_P_N,Autoregressive Model,0.3255398806711933,0.11209170357227807
2018.0,fall,VFAIX_P_N,Autoregressive Model,0.3129850432527687,0.07054036945933388
2018.0,fall,VSPVX_P_N,Autoregressive Model,2.5177529498341396,0.08410166735474321
2018.0,fall,VITAX_P_N,Autoregressive Model,0.3906628865179333,0.10393148691534827
2018.0,fall,VGSLX_P_N,Autoregressive Model,0.1482385854696011,0.07566906674552852
2018.0,fall,VINAX_P_N,Autoregressive Model,0.27456678104569204,0.1094019688879466
2018.0,fall,VTCAX_P_N,Autoregressive Model,2.1658773474056496,0.09927260443365145
2018.0,fall,VCSAX_P_N,Autoregressive Model,0.7104699622187698,0.05390072138406311
2018.0,fall,VENAX_P_N,Autoregressive Model,0.4435538290589157,0.09860924645430232
2018.0,fall,VCDAX_P_N,Autoregressive Model,0.34337427907374884,0.10381310602564606
2019.0,winter,VCDAX_V_N,Autoregressive Model,1.730012762790692,0.18233377570759918
2019.0,winter,VCSAX_V_N,Autoregressive Model,0.19273040285635035,0.13715988793254114
2019.0,winter,VENAX_V_N,Autoregressive Model,0.9676614309012121,0.19221774486816237
2019.0,winter,VFAIX_V_N,Autoregressive Model,0.3837599953254365,0.1005564726035763
2019.0,winter,VGSLX_V_N,Autoregressive Model,0.36004847989894756,0.13627623085341595
2019.0,winter,VGHCX_V_N,Autoregressive Model,2.7179789045022487,0.1245800795760772
2019.0,winter,VITAX_V_N,Autoregressive Model,0.1932049210404628,0.14691943818076603
2019.0,winter,VSPVX_V_N,Autoregressive Model,0.41803141903853136,0.14572276186712854
2019.0,winter,VTCAX_V_N,Autoregressive Model,0.20048938801336105,0.1825073871278171
2019.0,winter,VUIAX_V_N,Autoregressive Model,0.21084962505157528,0.10352546285095736
2019.0,winter,VINAX_V_N,Autoregressive Model,0.1215758061993267,0.1408357006129124
2019.0,winter,VUIAX_P_N,Autoregressive Model,0.17294730274848036,0.07315734388445233
2019.0,winter,VGHCX_P_N,Autoregressive Model,0.24078004101961503,0.11813911738348044
2019.0,winter,VFAIX_P_N,Autoregressive Model,0.3336928674708324,0.07804206743314548
2019.0,winter,VSPVX_P_N,Autoregressive Model,0.6543284821817285,0.09212982076636937
2019.0,winter,VITAX_P_N,Autoregressive Model,0.5508770110820946,0.05804908064075902
2019.0,winter,VGSLX_P_N,Autoregressive Model,0.1739238446190926,0.11617485880216213
2019.0,winter,VINAX_P_N,Autoregressive Model,0.3438268385013596,0.09614408640444219
2019.0,winter,VTCAX_P_N,Autoregressive Model,0.758457648108728,0.0944775628905215
2019.0,winter,VCSAX_P_N,Autoregressive Model,0.32489187061795005,0.07814068020639157
2019.0,winter,VENAX_P_N,Autoregressive Model,0.20857820178508293,0.09165660408075729
2019.0,winter,VCDAX_P_N,Autoregressive Model,0.27691999508775433,0.08461257490858247
2019.0,spring,VCDAX_V_N,Autoregressive Model,0.13321013241744256,0.06937494002206612
2019.0,spring,VCSAX_V_N,Autoregressive Model,0.13234422365154055,0.05428839753993224
2019.0,spring,VENAX_V_N,Autoregressive Model,0.2262769362968326,0.06025964176325051
2019.0,spring,VFAIX_V_N,Autoregressive Model,0.43344210001640265,0.09746745731529195
2019.0,spring,VGSLX_V_N,Autoregressive Model,0.4235785764911652,0.05105936265940305
2019.0,spring,VGHCX_V_N,Autoregressive Model,0.2673901760550468,0.14340436876077386
2019.0,spring,VITAX_V_N,Autoregressive Model,0.14947920532925377,0.05456387430429455
2019.0,spring,VSPVX_V_N,Autoregressive Model,0.17824049934388733,0.07290605830460084
2019.0,spring,VTCAX_V_N,Autoregressive Model,0.08502497888440967,0.0596048714666947
2019.0,spring,VUIAX_V_N,Autoregressive Model,0.18378080434558577,0.05509753878931477
2019.0,spring,VINAX_V_N,Autoregressive Model,0.27417956524746917,0.10787252143797309
2019.0,spring,VUIAX_P_N,Autoregressive Model,0.16368531395605937,0.06833457524807966
2019.0,spring,VGHCX_P_N,Autoregressive Model,0.1494555367947513,0.06493104977777119
2019.0,spring,VFAIX_P_N,Autoregressive Model,0.18666798087613723,0.05545209725714922
2019.0,spring,VSPVX_P_N,Autoregressive Model,0.06817201757401627,0.03670512344631744
2019.0,spring,VITAX_P_N,Autoregressive Model,0.08784105852484285,0.03927538894350563
2019.0,spring,VGSLX_P_N,Autoregressive Model,0.1594995183916788,0.0664136368328578
2019.0,spring,VINAX_P_N,Autoregressive Model,0.09676985692350852,0.04902152466806136
2019.0,spring,VTCAX_P_N,Autoregressive Model,23.56365388125132,0.05780905142902534
2019.0,spring,VCSAX_P_N,Autoregressive Model,0.191381750380219,0.05663852861040963
2019.0,spring,VENAX_P_N,Autoregressive Model,0.09010013064805492,0.03518638467954005
2019.0,spring,VCDAX_P_N,Autoregressive Model,0.0601156752117889,0.02967187465348865
2019.0,summer,VCDAX_V_N,Autoregressive Model,0.04146942054001138,0.03583638886775252
2019.0,summer,VCSAX_V_N,Autoregressive Model,0.23855057578965022,0.029293331446018516
2019.0,summer,VENAX_V_N,Autoregressive Model,0.12096244976825696,0.06422351726338713
2019.0,summer,VFAIX_V_N,Autoregressive Model,0.025897850758761852,0.018732335058052146
2019.0,summer,VGSLX_V_N,Autoregressive Model,1.5719334296215752,0.07305288555256999
2019.0,summer,VGHCX_V_N,Autoregressive Model,0.05025773400374681,0.03098755717809246
2019.0,summer,VITAX_V_N,Autoregressive Model,0.051693911738742396,0.04009186601650367
2019.0,summer,VSPVX_V_N,Autoregressive Model,0.021706695436854457,0.024281471816721797
2019.0,summer,VTCAX_V_N,Autoregressive Model,0.0612243549831981,0.04998200260261667
2019.0,summer,VUIAX_V_N,Autoregressive Model,0.18857602676281587,0.060525840117010385
2019.0,summer,VINAX_V_N,Autoregressive Model,0.07853732574533467,0.03276761763451777
2019.0,summer,VUIAX_P_N,Autoregressive Model,0.2929945091329216,0.04403277658974449
2019.0,summer,VGHCX_P_N,Autoregressive Model,0.4294088814568932,0.09293496423705885
2019.0,summer,VFAIX_P_N,Autoregressive Model,0.09217226315585154,0.051654649705447885
2019.0,summer,VSPVX_P_N,Autoregressive Model,0.10357192516636961,0.060280259156988925
2019.0,summer,VITAX_P_N,Autoregressive Model,0.13832964252374383,0.059656004724223825
2019.0,summer,VGSLX_P_N,Autoregressive Model,0.1682902655539452,0.058627813757829814
2019.0,summer,VINAX_P_N,Autoregressive Model,0.1438337582209108,0.062070964169466045
2019.0,summer,VTCAX_P_N,Autoregressive Model,0.20331343159010187,0.06761795860572514
2019.0,summer,VCSAX_P_N,Autoregressive Model,0.3696787320632029,0.11978816402154335
2019.0,summer,VENAX_P_N,Autoregressive Model,0.1119387671731564,0.048152378795372854
2019.0,summer,VCDAX_P_N,Autoregressive Model,0.21361883563900882,0.04312746399806604
2019.0,fall,VCDAX_V_N,Autoregressive Model,0.07669481970907532,0.024871615632751896
2019.0,fall,VCSAX_V_N,Autoregressive Model,0.07474525094187931,0.033079383136718266
2019.0,fall,VENAX_V_N,Autoregressive Model,0.4646264083543122,0.03822788811555988
2019.0,fall,VFAIX_V_N,Autoregressive Model,0.19839821783273903,0.02495061342428996
2019.0,fall,VGSLX_V_N,Autoregressive Model,0.13946518771295432,0.044850910799758704
2019.0,fall,VGHCX_V_N,Autoregressive Model,0.18821149978098345,0.23032960056992793
2019.0,fall,VITAX_V_N,Autoregressive Model,0.19942467801215213,0.020844413915527053
2019.0,fall,VSPVX_V_N,Autoregressive Model,0.04998975586202887,0.022280409425308057
2019.0,fall,VTCAX_V_N,Autoregressive Model,0.05978698092052859,0.022707843074859006
2019.0,fall,VUIAX_V_N,Autoregressive Model,0.13509320682373904,0.039669582240116075
2019.0,fall,VINAX_V_N,Autoregressive Model,0.11140401685078691,0.03735424488160462
2019.0,fall,VUIAX_P_N,Autoregressive Model,0.16256519484911042,0.058252588479251154
2019.0,fall,VGHCX_P_N,Autoregressive Model,0.2528110133025231,0.08902952979431346
2019.0,fall,VFAIX_P_N,Autoregressive Model,0.07320160533756741,0.04256183228287627
2019.0,fall,VSPVX_P_N,Autoregressive Model,0.3399590626312808,0.048872069345181346
2019.0,fall,VITAX_P_N,Autoregressive Model,0.17535213092175417,0.035915206257695814
2019.0,fall,VGSLX_P_N,Autoregressive Model,0.1119353422307762,0.04667394823086804
2019.0,fall,VINAX_P_N,Autoregressive Model,0.09742918005025655,0.042049696403934154
2019.0,fall,VTCAX_P_N,Autoregressive Model,0.15109655142584957,0.03904862394748772
2019.0,fall,VCSAX_P_N,Autoregressive Model,0.2707506458781025,0.036204017862052476
2019.0,fall,VENAX_P_N,Autoregressive Model,0.2432733242128155,0.035073417308993916
2019.0,fall,VCDAX_P_N,Autoregressive Model,0.17160598906992963,0.028665564185427293
2020.0,winter,VCDAX_V_N,Autoregressive Model,0.0682802979244004,0.1359464939943913
2020.0,winter,VCSAX_V_N,Autoregressive Model,0.05148233353690464,0.14675285544953048
2020.0,winter,VENAX_V_N,Autoregressive Model,0.13754290281072434,0.18837048779335422
2020.0,winter,VFAIX_V_N,Autoregressive Model,0.07062555910037162,0.1562940022398521
2020.0,winter,VGSLX_V_N,Autoregressive Model,0.07036071387699482,0.16587664381533213
2020.0,winter,VGHCX_V_N,Autoregressive Model,0.07232811518915222,0.1331556451435833
2020.0,winter,VITAX_V_N,Autoregressive Model,0.0648826120870186,0.1458118107896171
2020.0,winter,VSPVX_V_N,Autoregressive Model,0.07485432481497813,0.21602383954978352
2020.0,winter,VTCAX_V_N,Autoregressive Model,0.06626101726525185,0.13256818149580477
2020.0,winter,VUIAX_V_N,Autoregressive Model,0.062400293424918755,0.19337226698668936
2020.0,winter,VINAX_V_N,Autoregressive Model,0.08283312258045905,0.16973961995928838
2020.0,winter,VUIAX_P_N,Autoregressive Model,0.2744665189608169,0.1801431867640576
2020.0,winter,VGHCX_P_N,Autoregressive Model,0.16411397624965696,0.10916717296470572
2020.0,winter,VFAIX_P_N,Autoregressive Model,0.11133618643122357,0.1564185895938511
2020.0,winter,VSPVX_P_N,Autoregressive Model,0.1469297760988502,0.16068873521348156
2020.0,winter,VITAX_P_N,Autoregressive Model,0.24081395604728378,0.10395020830299703
2020.0,winter,VGSLX_P_N,Autoregressive Model,0.7329943620635587,0.130146824001175
2020.0,winter,VINAX_P_N,Autoregressive Model,0.1555589428318876,0.14491459754750707
2020.0,winter,VTCAX_P_N,Autoregressive Model,0.1078320202914866,0.09259096277639786
2020.0,winter,VCSAX_P_N,Autoregressive Model,0.13295382867727004,0.1630207733946161
2020.0,winter,VENAX_P_N,Autoregressive Model,0.10857741172924787,0.14267702169836713
2020.0,winter,VCDAX_P_N,Autoregressive Model,0.7240546892760565,0.0998930316453483
2020.0,spring,VCDAX_V_N,Autoregressive Model,0.2824267373066035,0.24321385282744143
2020.0,spring,VCSAX_V_N,Autoregressive Model,0.18317439062726626,0.34391414597438086
2020.0,spring,VENAX_V_N,Autoregressive Model,0.38323955918574415,0.2990872330143594
2020.0,spring,VFAIX_V_N,Autoregressive Model,0.2135473150867902,0.28535046846598666
2020.0,spring,VGSLX_V_N,Autoregressive Model,0.3357755042348172,0.35473528774542323
2020.0,spring,VGHCX_V_N,Autoregressive Model,0.17128550391290456,0.26073577715616386
2020.0,spring,VITAX_V_N,Autoregressive Model,0.17940113240902658,0.2569377632853048
2020.0,spring,VSPVX_V_N,Autoregressive Model,0.22939250969520905,0.4698472017706624
2020.0,spring,VTCAX_V_N,Autoregressive Model,461.17361022552683,0.2755018737342693
2020.0,spring,VUIAX_V_N,Autoregressive Model,0.10864726973207693,0.3521515420728495
2020.0,spring,VINAX_V_N,Autoregressive Model,0.3589988423776799,0.3734223156001465
2020.0,spring,VUIAX_P_N,Autoregressive Model,0.25857935307362495,0.26953397620898695
2020.0,spring,VGHCX_P_N,Autoregressive Model,0.4740964457923671,0.2445189000868911
2020.0,spring,VFAIX_P_N,Autoregressive Model,0.31183458201404674,0.23768287429333398
2020.0,spring,VSPVX_P_N,Autoregressive Model,0.338866401378031,0.26982824015908885
2020.0,spring,VITAX_P_N,Autoregressive Model,0.16337455897563774,0.19638255744453176
2020.0,spring,VGSLX_P_N,Autoregressive Model,7.9091069408300045,0.24632901863297446
2020.0,spring,VINAX_P_N,Autoregressive Model,0.1451470512767616,0.200329474147224
2020.0,spring,VTCAX_P_N,Autoregressive Model,0.14572313684765328,0.19640766153046346
2020.0,spring,VCSAX_P_N,Autoregressive Model,0.35487342823655776,0.28388991962431426
2020.0,spring,VENAX_P_N,Autoregressive Model,0.32014519672972064,0.16641944520655758
2020.0,spring,VCDAX_P_N,Autoregressive Model,0.1626538803296865,0.20280946376039571
2020.0,summer,VCDAX_V_N,Autoregressive Model,0.09437851371001306,0.07365582190529199
2020.0,summer,VCSAX_V_N,Autoregressive Model,0.0906156626328629,0.06028599930478566
2020.0,summer,VENAX_V_N,Autoregressive Model,0.16606802628346143,0.12031870377798287
2020.0,summer,VFAIX_V_N,Autoregressive Model,0.3125274775484197,0.0785845113287716
2020.0,summer,VGSLX_V_N,Autoregressive Model,0.06429024920680913,0.04039432681208817
2020.0,summer,VGHCX_V_N,Autoregressive Model,0.1699045732416427,0.07096769898902562
2020.0,summer,VITAX_V_N,Autoregressive Model,0.09932448644387808,0.10245087579638251
2020.0,summer,VSPVX_V_N,Autoregressive Model,0.12643919599783118,0.07148907590838614
2020.0,summer,VTCAX_V_N,Autoregressive Model,0.10499537562444275,0.09218747258318563
2020.0,summer,VUIAX_V_N,Autoregressive Model,0.4029676281434795,0.12799218659593972
2020.0,summer,VINAX_V_N,Autoregressive Model,0.14569320469665714,0.0979393700544463
2020.0,summer,VUIAX_P_N,Autoregressive Model,0.14524249488956825,0.1014877272916049
2020.0,summer,VGHCX_P_N,Autoregressive Model,0.20149894623800507,0.10798818814748534
2020.0,summer,VFAIX_P_N,Autoregressive Model,0.16225079821896,0.07433375993975802
2020.0,summer,VSPVX_P_N,Autoregressive Model,0.19719617276708332,0.07543778332166572
2020.0,summer,VITAX_P_N,Autoregressive Model,0.29760234352725246,0.13457894879719484
2020.0,summer,VGSLX_P_N,Autoregressive Model,0.16154477979320706,0.08374559940433604
2020.0,summer,VINAX_P_N,Autoregressive Model,0.11333763171827527,0.08626452504336857
2020.0,summer,VTCAX_P_N,Autoregressive Model,0.5084741387181592,0.09035079182106995
2020.0,summer,VCSAX_P_N,Autoregressive Model,0.18953055182070538,0.11465941714264168
2020.0,summer,VENAX_P_N,Autoregressive Model,0.12210656690827505,0.027362466474459814
2020.0,summer,VCDAX_P_N,Autoregressive Model,0.2403489811686202,0.10436668149893365
2020.0,fall,VCDAX_V_N,Autoregressive Model,0.0697888950653532,0.05092429281998999
2020.0,fall,VCSAX_V_N,Autoregressive Model,0.11934525496339489,0.06179139023410514
2020.0,fall,VENAX_V_N,Autoregressive Model,0.10264395385296643,0.14215069867022653
2020.0,fall,VFAIX_V_N,Autoregressive Model,0.1697979464676685,0.09170217060223966
2020.0,fall,VGSLX_V_N,Autoregressive Model,0.4743962771756647,0.1047845082253165
2020.0,fall,VGHCX_V_N,Autoregressive Model,0.2010281813181677,0.12625583935231577
2020.0,fall,VITAX_V_N,Autoregressive Model,0.7106505391925855,0.06051011511648964
2020.0,fall,VSPVX_V_N,Autoregressive Model,0.11404130670186596,0.06384565173059434
2020.0,fall,VTCAX_V_N,Autoregressive Model,0.10380768702947622,0.05137519379486597
2020.0,fall,VUIAX_V_N,Autoregressive Model,0.10993403964629114,0.06938301925880672
2020.0,fall,VINAX_V_N,Autoregressive Model,0.11328644442398261,0.05952600000672064
2020.0,fall,VUIAX_P_N,Autoregressive Model,0.1562325326858319,0.1124371511411024
2020.0,fall,VGHCX_P_N,Autoregressive Model,0.15529888775108386,0.11342554244524725
2020.0,fall,VFAIX_P_N,Autoregressive Model,0.06599434599610453,0.07939508414571436
2020.0,fall,VSPVX_P_N,Autoregressive Model,0.08327263417735167,0.07412778662822751
2020.0,fall,VITAX_P_N,Autoregressive Model,0.4896034455838545,0.06811799346883025
2020.0,fall,VGSLX_P_N,Autoregressive Model,0.5815345270507606,0.06559125251290186
2020.0,fall,VINAX_P_N,Autoregressive Model,0.10193446312543261,0.08309788545557863
2020.0,fall,VTCAX_P_N,Autoregressive Model,0.28933653457393593,0.07411368654330648
2020.0,fall,VCSAX_P_N,Autoregressive Model,0.08430430471360217,0.07870916104006238
2020.0,fall,VENAX_P_N,Autoregressive Model,0.05794852710192993,0.05533903802473986
2020.0,fall,VCDAX_P_N,Autoregressive Model,0.12457157884270544,0.057180994677877836
2021.0,winter,VCDAX_V_N,Autoregressive Model,0.3656012070667395,0.09189095757513026
2021.0,winter,VCSAX_V_N,Autoregressive Model,0.11430436272052225,0.06393980193831875
2021.0,winter,VENAX_V_N,Autoregressive Model,0.4652910456704624,0.1766052299707834
2021.0,winter,VFAIX_V_N,Autoregressive Model,0.1533845471004359,0.08846061984695659
2021.0,winter,VGSLX_V_N,Autoregressive Model,0.3992054672193007,0.08605681167305612
2021.0,winter,VGHCX_V_N,Autoregressive Model,0.13939301744457663,0.09417789770019534
2021.0,winter,VITAX_V_N,Autoregressive Model,0.1726725953490654,0.0697756847353681
2021.0,winter,VSPVX_V_N,Autoregressive Model,0.100623154692347,0.06118855232917468
2021.0,winter,VTCAX_V_N,Autoregressive Model,0.13563889754357408,0.10076151608033114
2021.0,winter,VUIAX_V_N,Autoregressive Model,0.12829238281582,0.060812717153052975
2021.0,winter,VINAX_V_N,Autoregressive Model,0.15165278507565388,0.07835256524896893
2021.0,winter,VUIAX_P_N,Autoregressive Model,0.8659345441407661,0.08254647642403079
2021.0,winter,VGHCX_P_N,Autoregressive Model,0.0619560637107546,0.044699897975751836
2021.0,winter,VFAIX_P_N,Autoregressive Model,0.25364592869983255,0.09437797343593932
2021.0,winter,VSPVX_P_N,Autoregressive Model,0.15302040198725692,0.08078925675624687
2021.0,winter,VITAX_P_N,Autoregressive Model,0.16624616973017256,0.1472500488806901
2021.0,winter,VGSLX_P_N,Autoregressive Model,0.17746836947920144,0.0687932504621313
2021.0,winter,VINAX_P_N,Autoregressive Model,0.2627284098542396,0.09129267507460867
2021.0,winter,VTCAX_P_N,Autoregressive Model,0.18854780282024522,0.10940859053581968
2021.0,winter,VCSAX_P_N,Autoregressive Model,3.0832044725694048,0.0605470766323223
2021.0,winter,VENAX_P_N,Autoregressive Model,0.20979391801735553,0.0824462683801855
2021.0,winter,VCDAX_P_N,Autoregressive Model,0.469386679362503,0.16221714897534284
2021.0,spring,VCDAX_V_N,Autoregressive Model,0.1056034027354167,0.06662423707636272
2021.0,spring,VCSAX_V_N,Autoregressive Model,0.07525038976881077,0.033137533113988475
2021.0,spring,VENAX_V_N,Autoregressive Model,0.13902648156135164,0.07965292888873912
2021.0,spring,VFAIX_V_N,Autoregressive Model,0.07208842922880539,0.038979197658624364
2021.0,spring,VGSLX_V_N,Autoregressive Model,0.10069773454001604,0.045009714585609914
2021.0,spring,VGHCX_V_N,Autoregressive Model,0.6175486534527929,0.0727223349881971
2021.0,spring,VITAX_V_N,Autoregressive Model,0.2687531942983208,0.04870049443376291
2021.0,spring,VSPVX_V_N,Autoregressive Model,0.07935924593681089,0.02535689351571165
2021.0,spring,VTCAX_V_N,Autoregressive Model,0.11310654391173018,0.06033484611398314
2021.0,spring,VUIAX_V_N,Autoregressive Model,0.12288412635966559,0.035696634256084527
2021.0,spring,VINAX_V_N,Autoregressive Model,0.130179455795692,0.05727781858139546
2021.0,spring,VUIAX_P_N,Autoregressive Model,0.14182346697512227,0.07428233278992918
2021.0,spring,VGHCX_P_N,Autoregressive Model,0.212094282016185,0.05961587488993815
2021.0,spring,VFAIX_P_N,Autoregressive Model,0.10760491487085946,0.08152262269316828
2021.0,spring,VSPVX_P_N,Autoregressive Model,0.15678558987195995,0.0803824787914218
2021.0,spring,VITAX_P_N,Autoregressive Model,0.16020419959556376,0.06543811627244456
2021.0,spring,VGSLX_P_N,Autoregressive Model,0.4225727120733905,0.06042464402990068
2021.0,spring,VINAX_P_N,Autoregressive Model,0.24471092039713643,0.10115983823003488
2021.0,spring,VTCAX_P_N,Autoregressive Model,0.16723481144684743,0.07870553351484705
2021.0,spring,VCSAX_P_N,Autoregressive Model,0.20388277981148112,0.10278691517569445
2021.0,spring,VENAX_P_N,Autoregressive Model,0.22849300236447373,0.04128804236458653
2021.0,spring,VCDAX_P_N,Autoregressive Model,0.1689214621908727,0.077985679706557
2021.0,summer,VCDAX_V_N,Autoregressive Model,0.3918938921217971,0.06135825739036206
2021.0,summer,VCSAX_V_N,Autoregressive Model,0.24988543204009453,0.06175947815071541
2021.0,summer,VENAX_V_N,Autoregressive Model,0.19867305339840735,0.08547513554950505
2021.0,summer,VFAIX_V_N,Autoregressive Model,0.11530519369812309,0.03686309521154489
2021.0,summer,VGSLX_V_N,Autoregressive Model,0.1150621601920033,0.0515084944885402
2021.0,summer,VGHCX_V_N,Autoregressive Model,0.20674688901691146,0.04747439715970634
2021.0,summer,VITAX_V_N,Autoregressive Model,0.17855912024767986,0.024740800568890053
2021.0,summer,VSPVX_V_N,Autoregressive Model,0.09690363733092196,0.028428210634024103
2021.0,summer,VTCAX_V_N,Autoregressive Model,0.23600725478553156,0.04797961179472421
2021.0,summer,VUIAX_V_N,Autoregressive Model,0.22817333859214423,0.058696511588856054
2021.0,summer,VINAX_V_N,Autoregressive Model,0.16540161323427136,0.05638981621260356
2021.0,summer,VUIAX_P_N,Autoregressive Model,0.08838474670187653,0.03065861054584468
2021.0,summer,VGHCX_P_N,Autoregressive Model,0.0729592777758887,0.036478088898863316
2021.0,summer,VFAIX_P_N,Autoregressive Model,0.14467011169131896,0.09460129681004666
2021.0,summer,VSPVX_P_N,Autoregressive Model,0.6105675136066503,0.08189658809560445
2021.0,summer,VITAX_P_N,Autoregressive Model,0.13706260091547565,0.07390214737149399
2021.0,summer,VGSLX_P_N,Autoregressive Model,0.12049692436976052,0.06365711577482247
2021.0,summer,VINAX_P_N,Autoregressive Model,0.2892834087261128,0.06512128774271882
2021.0,summer,VTCAX_P_N,Autoregressive Model,0.14115093351216745,0.07382298985410338
2021.0,summer,VCSAX_P_N,Autoregressive Model,0.28862852176702547,0.0409231685297581
2021.0,summer,VENAX_P_N,Autoregressive Model,0.5551894002967758,0.08025434380328986
2021.0,summer,VCDAX_P_N,Autoregressive Model,0.3407708208205821,0.11605048821110595
2021.0,fall,VCDAX_V_N,Autoregressive Model,0.38416796757019533,0.054598341028771535
2021.0,fall,VCSAX_V_N,Autoregressive Model,0.1389527098470376,0.06075015238595618
2021.0,fall,VENAX_V_N,Autoregressive Model,0.117060140594425,0.06325863826517908
2021.0,fall,VFAIX_V_N,Autoregressive Model,0.06956679876188207,0.04971747548040896
2021.0,fall,VGSLX_V_N,Autoregressive Model,0.10520758062329139,0.03651421724801924
2021.0,fall,VGHCX_V_N,Autoregressive Model,0.5031727431100876,0.05314777734242718
2021.0,fall,VITAX_V_N,Autoregressive Model,0.07026227885601448,0.04729944546323723
2021.0,fall,VSPVX_V_N,Autoregressive Model,0.0786798114661343,0.046783454064466067
2021.0,fall,VTCAX_V_N,Autoregressive Model,0.07739860316271985,0.06583329474603658
2021.0,fall,VUIAX_V_N,Autoregressive Model,0.1358843488997516,0.05217535580849716
2021.0,fall,VINAX_V_N,Autoregressive Model,0.09090273641450933,0.061700152441129114
2021.0,fall,VUIAX_P_N,Autoregressive Model,1.6265924693429425,0.08353442655612217
2021.0,fall,VGHCX_P_N,Autoregressive Model,0.11729561151156027,0.08293584945466415
2021.0,fall,VFAIX_P_N,Autoregressive Model,0.1303919459611991,0.09098259854773966
2021.0,fall,VSPVX_P_N,Autoregressive Model,0.2960574559174315,0.09654003763632267
2021.0,fall,VITAX_P_N,Autoregressive Model,0.20777914282184626,0.13947143310571633
2021.0,fall,VGSLX_P_N,Autoregressive Model,0.23986279298405586,0.08276327152079575
2021.0,fall,VINAX_P_N,Autoregressive Model,0.13046393010550827,0.0931742087954286
2021.0,fall,VTCAX_P_N,Autoregressive Model,0.07491800939833367,0.07273833990013447
2021.0,fall,VCSAX_P_N,Autoregressive Model,0.1733755377663766,0.07863860739428802
2021.0,fall,VENAX_P_N,Autoregressive Model,0.18485623510146373,0.07671429755642657
2021.0,fall,VCDAX_P_N,Autoregressive Model,0.20942033719883266,0.1117703852784053
2022.0,winter,VCDAX_V_N,Autoregressive Model,0.13710599391731285,0.11754565196996027
2022.0,winter,VCSAX_V_N,Autoregressive Model,0.5002950487886056,0.06676097288682563
2022.0,winter,VENAX_V_N,Autoregressive Model,0.13916426455573017,0.053900955025686405
2022.0,winter,VFAIX_V_N,Autoregressive Model,0.1570609334573465,0.0679202120419195
2022.0,winter,VGSLX_V_N,Autoregressive Model,0.14809986794106228,0.08646745997530282
2022.0,winter,VGHCX_V_N,Autoregressive Model,0.2612300280394958,0.16756073938049237
2022.0,winter,VITAX_V_N,Autoregressive Model,0.12632143692932224,0.09945614858191748
2022.0,winter,VSPVX_V_N,Autoregressive Model,0.17870562617376132,0.05636226856081689
2022.0,winter,VTCAX_V_N,Autoregressive Model,0.15759381566229952,0.133658398569299
2022.0,winter,VUIAX_V_N,Autoregressive Model,0.12039884970377634,0.053918380483916735
2022.0,winter,VINAX_V_N,Autoregressive Model,1.7016498392997539,0.05424881434248102
2022.0,winter,VUIAX_P_N,Autoregressive Model,0.09443071909953388,0.0377487569893329
2022.0,winter,VGHCX_P_N,Autoregressive Model,0.5003481258709137,0.1458695213153897
2022.0,winter,VFAIX_P_N,Autoregressive Model,0.16307692527508286,0.10144267243928505
2022.0,winter,VSPVX_P_N,Autoregressive Model,0.13117688428078714,0.09346626483444351
2022.0,winter,VITAX_P_N,Autoregressive Model,0.24250408566487372,0.2681890558932004
2022.0,winter,VGSLX_P_N,Autoregressive Model,0.1907222042099184,0.14808002189778777
2022.0,winter,VINAX_P_N,Autoregressive Model,0.12786321232965114,0.10736857259452087
2022.0,winter,VTCAX_P_N,Autoregressive Model,0.2610233565772553,0.1771505634432771
2022.0,winter,VCSAX_P_N,Autoregressive Model,0.18262096106421152,0.12062192590725108
2022.0,winter,VENAX_P_N,Autoregressive Model,0.1831356933116125,0.10728237505927678
2022.0,winter,VCDAX_P_N,Autoregressive Model,0.22542789443334008,0.23532477419924044
2022.0,spring,VCDAX_V_N,Autoregressive Model,0.10485645757065312,0.12301808807814388
2022.0,spring,VCSAX_V_N,Autoregressive Model,0.1424140649792635,0.1585128843970066
2022.0,spring,VENAX_V_N,Autoregressive Model,0.14427252389584255,0.10914942808505032
2022.0,spring,VFAIX_V_N,Autoregressive Model,0.07397839671497751,0.04060971209402817
2022.0,spring,VGSLX_V_N,Autoregressive Model,0.10955836721534735,0.08897733272762506
2022.0,spring,VGHCX_V_N,Autoregressive Model,0.2058899600093687,0.11131979995267119
2022.0,spring,VITAX_V_N,Autoregressive Model,0.08979716103651268,0.08702064592348296
2022.0,spring,VSPVX_V_N,Autoregressive Model,0.08421676807473652,0.0631717962461914
2022.0,spring,VTCAX_V_N,Autoregressive Model,0.1689899909114689,0.12579097655993116
2022.0,spring,VUIAX_V_N,Autoregressive Model,0.1403955033695529,0.0884398728685498
2022.0,spring,VINAX_V_N,Autoregressive Model,0.13968808079706005,0.07695202401923693
2022.0,spring,VUIAX_P_N,Autoregressive Model,0.5372469622876676,0.10333130300924259
2022.0,spring,VGHCX_P_N,Autoregressive Model,0.24405553683962564,0.10094447894353424
2022.0,spring,VFAIX_P_N,Autoregressive Model,0.17246382813219963,0.12022988596079082
2022.0,spring,VSPVX_P_N,Autoregressive Model,0.11739965201588881,0.10966864982303627
2022.0,spring,VITAX_P_N,Autoregressive Model,0.20120218494638578,0.2287160001451274
2022.0,spring,VGSLX_P_N,Autoregressive Model,0.1611888409717686,0.12782890127487048
2022.0,spring,VINAX_P_N,Autoregressive Model,0.14218918245578466,0.12418121108423524
2022.0,spring,VTCAX_P_N,Autoregressive Model,0.1943513602215899,0.17262252660885344
2022.0,spring,VCSAX_P_N,Autoregressive Model,0.06259992435954136,0.11816567461760441
2022.0,spring,VENAX_P_N,Autoregressive Model,0.10498525437489985,0.09468318724519618
2022.0,spring,VCDAX_P_N,Autoregressive Model,0.3833810339265952,0.19468009471270958
2022.0,summer,VCDAX_V_N,Autoregressive Model,0.3793721656291843,0.22555485025299343
2022.0,summer,VCSAX_V_N,Autoregressive Model,0.25694581517462106,0.16754628383217932
2022.0,summer,VENAX_V_N,Autoregressive Model,0.42389120256333257,0.20568064262942465
2022.0,summer,VFAIX_V_N,Autoregressive Model,0.23119424270523684,0.09487692739958793
2022.0,summer,VGSLX_V_N,Autoregressive Model,0.4443509853755071,0.09247562574176257
2022.0,summer,VGHCX_V_N,Autoregressive Model,0.1920353186051911,0.10292556149366572
2022.0,summer,VITAX_V_N,Autoregressive Model,0.24128896040878184,0.14972659616153292
2022.0,summer,VSPVX_V_N,Autoregressive Model,0.22862002915656796,0.10151736795477122
2022.0,summer,VTCAX_V_N,Autoregressive Model,0.21672640334417154,0.1716387668447795
2022.0,summer,VUIAX_V_N,Autoregressive Model,0.3388657759760347,0.09351554517494369
2022.0,summer,VINAX_V_N,Autoregressive Model,0.3165128279183512,0.1539031549837668
2022.0,summer,VUIAX_P_N,Autoregressive Model,0.13021709777115223,0.08197287778741556
2022.0,summer,VGHCX_P_N,Autoregressive Model,0.15422587494343015,0.0643332628367377
2022.0,summer,VFAIX_P_N,Autoregressive Model,1.8049040965865173,0.03191416602782018
2022.0,summer,VSPVX_P_N,Autoregressive Model,0.469265122410178,0.06625896807045235
2022.0,summer,VITAX_P_N,Autoregressive Model,0.14664126553319237,0.048497258577177044
2022.0,summer,VGSLX_P_N,Autoregressive Model,0.26844222632362513,0.08869095987377806
2022.0,summer,VINAX_P_N,Autoregressive Model,0.06145675596307067,0.032752213816096075
2022.0,summer,VTCAX_P_N,Autoregressive Model,0.1338062525838787,0.06514410726903908
2022.0,summer,VCSAX_P_N,Autoregressive Model,0.3429591142650224,0.10337766395837991
2022.0,summer,VENAX_P_N,Autoregressive Model,0.0906417548142086,0.10582445059509028
2022.0,summer,VCDAX_P_N,Autoregressive Model,0.06944461169460289,0.10758681542582421
2022.0,fall,VCDAX_V_N,Autoregressive Model,0.5833721152891399,0.16932318249067202
2022.0,fall,VCSAX_V_N,Autoregressive Model,0.1043919553677883,0.047658792665455536
2022.0,fall,VENAX_V_N,Autoregressive Model,0.16502758845512336,0.14639578347795573
2022.0,fall,VFAIX_V_N,Autoregressive Model,0.11279269884453216,0.06585020766699272
2022.0,fall,VGSLX_V_N,Autoregressive Model,0.1952897943956301,0.14063806171792936
2022.0,fall,VGHCX_V_N,Autoregressive Model,0.3644776682105379,0.1189313065833223
2022.0,fall,VITAX_V_N,Autoregressive Model,0.16424804903039167,0.1568160472110483
2022.0,fall,VSPVX_V_N,Autoregressive Model,0.11060763418960723,0.06961063673567851
2022.0,fall,VTCAX_V_N,Autoregressive Model,0.3144803271368925,0.14444678824184107
2022.0,fall,VUIAX_V_N,Autoregressive Model,0.10892476181648324,0.05523197404540552
2022.0,fall,VINAX_V_N,Autoregressive Model,0.12615608748122464,0.0892504251783596
2022.0,fall,VUIAX_P_N,Autoregressive Model,0.06942378618360483,0.09660990465274098
2022.0,fall,VGHCX_P_N,Autoregressive Model,0.09496697943134379,0.08878626508304965
2022.0,fall,VFAIX_P_N,Autoregressive Model,0.10291198578408116,0.10271279878408883
2022.0,fall,VSPVX_P_N,Autoregressive Model,0.21691954851374978,0.10999656323825752
2022.0,fall,VITAX_P_N,Autoregressive Model,0.1999094026383913,0.19156085488072697
2022.0,fall,VGSLX_P_N,Autoregressive Model,0.10548633142472558,0.10071693243972259
2022.0,fall,VINAX_P_N,Autoregressive Model,0.23067340616154494,0.10832730310503035
2022.0,fall,VTCAX_P_N,Autoregressive Model,0.2419547751398377,0.1294853084659402
2022.0,fall,VCSAX_P_N,Autoregressive Model,0.18635008199653533,0.1131231914307228
2022.0,fall,VENAX_P_N,Autoregressive Model,0.3355425494037194,0.14859013282442504
2022.0,fall,VCDAX_P_N,Autoregressive Model,0.252153109192833,0.11233539097163651
2023.0,winter,VCDAX_V_N,Autoregressive Model,0.8926306990276137,0.3885161755036559
2023.0,winter,VCSAX_V_N,Autoregressive Model,0.6709810272281418,0.3348894265615724
2023.0,winter,VENAX_V_N,Autoregressive Model,0.8849414897546598,0.5626187906458189
2023.0,winter,VFAIX_V_N,Autoregressive Model,0.5146437766239033,0.5147807330390736
2023.0,winter,VGSLX_V_N,Autoregressive Model,0.6555159842251473,0.4346508772119061
2023.0,winter,VGHCX_V_N,Autoregressive Model,0.4941836392327493,0.2731021604155835
2023.0,winter,VITAX_V_N,Autoregressive Model,1.0575434499478071,0.322321515437127
2023.0,winter,VSPVX_V_N,Autoregressive Model,0.8704140816928271,0.2961400712426825
2023.0,winter,VTCAX_V_N,Autoregressive Model,0.9191815617363612,0.8030178318824402
2023.0,winter,VUIAX_V_N,Autoregressive Model,0.7027244838428551,0.34537992971743653
2023.0,winter,VINAX_V_N,Autoregressive Model,0.8451241102937225,0.41078023756908455
2023.0,winter,VUIAX_P_N,Autoregressive Model,0.2658630683979825,0.29299890835032044
2023.0,winter,VGHCX_P_N,Autoregressive Model,0.3477453901366804,0.20729900280662725
2023.0,winter,VFAIX_P_N,Autoregressive Model,0.34901693869365175,0.4874546833149665
2023.0,winter,VSPVX_P_N,Autoregressive Model,0.46409618636637645,0.44472843996978684
2023.0,winter,VITAX_P_N,Autoregressive Model,0.5077231234960997,0.5964831872446641
2023.0,winter,VGSLX_P_N,Autoregressive Model,0.4353603053232084,0.5383924033757782
2023.0,winter,VINAX_P_N,Autoregressive Model,0.6109748322280056,0.4671193624321555
2023.0,winter,VTCAX_P_N,Autoregressive Model,0.7276299752213357,0.5742034635315933
2023.0,winter,VCSAX_P_N,Autoregressive Model,0.5035354245876894,0.32168400460392454
2023.0,winter,VENAX_P_N,Autoregressive Model,0.41198835254254507,0.3870040438771947
2023.0,winter,VCDAX_P_N,Autoregressive Model,0.4388321219866968,0.4664679889405451
2023.0,spring,VCDAX_V_N,Autoregressive Model,0.7720354606227845,0.2568825242280484
2023.0,spring,VCSAX_V_N,Autoregressive Model,1.0573119906580206,0.1872254413341443
2023.0,spring,VENAX_V_N,Autoregressive Model,1.1303293667561018,0.6588854771478869
2023.0,spring,VFAIX_V_N,Autoregressive Model,0.5868772994077133,0.31240859673519245
2023.0,spring,VGSLX_V_N,Autoregressive Model,1.1057092042042307,0.41775627418815203
2023.0,spring,VGHCX_V_N,Autoregressive Model,1.2690107992189528,0.6468010640594622
2023.0,spring,VITAX_V_N,Autoregressive Model,0.7162002151014992,0.28259796851862234
2023.0,spring,VSPVX_V_N,Autoregressive Model,0.7423870695871769,0.30153717577330064
2023.0,spring,VTCAX_V_N,Autoregressive Model,1.0747131782997212,0.9373624036945779
2023.0,spring,VUIAX_V_N,Autoregressive Model,0.8873711311434063,0.31575166983926056
2023.0,spring,VINAX_V_N,Autoregressive Model,0.9272685001403677,0.48481468981531584
2023.0,spring,VUIAX_P_N,Autoregressive Model,0.47242999092394844,0.3693511204693873
2023.0,spring,VGHCX_P_N,Autoregressive Model,0.7907610070413417,0.35382784964873704
2023.0,spring,VFAIX_P_N,Autoregressive Model,0.5087440486126915,0.26104541639384565
2023.0,spring,VSPVX_P_N,Autoregressive Model,0.8093840719336134,0.25975328673946985
2023.0,spring,VITAX_P_N,Autoregressive Model,1.1045571456985626,0.6803864654090314
2023.0,spring,VGSLX_P_N,Autoregressive Model,0.5205460129770009,0.18656425314768355
2023.0,spring,VINAX_P_N,Autoregressive Model,0.7710326622396879,0.2609023601345678
2023.0,spring,VTCAX_P_N,Autoregressive Model,1.0170537718622819,0.4720914505560925
2023.0,spring,VCSAX_P_N,Autoregressive Model,0.8624475912529189,0.6801919482651136
2023.0,spring,VENAX_P_N,Autoregressive Model,0.1350077509452832,0.12075229378218076
2023.0,spring,VCDAX_P_N,Autoregressive Model,1.1169081765301696,0.34998750458708516
