fund name,model,mape,rmse
VCDAX_V_N,Autoregressive Model,2.7948251796248185,0.37385207741955756
VCSAX_V_N,Autoregressive Model,1.5007647275038272,0.33521891980418866
VENAX_V_N,Autoregressive Model,1.4044095731488229,0.4238467212462364
VFAIX_V_N,Autoregressive Model,1.3033642224660733,0.3683124467142683
VGSLX_V_N,Autoregressive Model,2.2295054065208317,0.35477148227003685
VGHCX_V_N,Autoregressive Model,2.2727294070993196,0.43848915104774266
VITAX_V_N,Autoregressive Model,1.6548361968014669,0.36591544923847
VSPVX_V_N,Autoregressive Model,2.495081612583268,0.31432246975430966
VTCAX_V_N,Autoregressive Model,4.1862634563271275,0.4492734202519257
VUIAX_V_N,Autoregressive Model,1.4118822788710308,0.32466059573049477
VINAX_V_N,Autoregressive Model,3.5520115194354736,0.3557932437017741
VUIAX_P_N,Autoregressive Model,1.99795817140183,0.4348936091148513
VGHCX_P_N,Autoregressive Model,1.2900315394367734,0.4084822056511838
VFAIX_P_N,Autoregressive Model,1.6328420475608607,0.4262624723145557
VSPVX_P_N,Autoregressive Model,5.227316900257421,0.3865965374290101
VITAX_P_N,Autoregressive Model,2.3266622088857734,0.47496105561690644
VGSLX_P_N,Autoregressive Model,3.182831229911984,0.4260788672605814
VINAX_P_N,Autoregressive Model,1.6206173699718929,0.37965008400576855
VTCAX_P_N,Autoregressive Model,7.169936925076468,0.4360887381840852
VCSAX_P_N,Autoregressive Model,4.036113627843571,0.416964715370341
VENAX_P_N,Autoregressive Model,1.752577422534763,0.3977018287652345
VCDAX_P_N,Autoregressive Model,1.8996369472212518,0.41770023945786744
